year,rainfall
2012,2.7919
2013,2.9782
2014,1.647681
2015,3.506322
2016,3.783331
2017,2.362054
2018,3.012318
2019,2.6174
2020,1.7710823