YEAR,O3,PM10,PM2.5
2012,29.8711806,55.097,32.993
2013,31.5036,64.52399,39.3215
2014,33.97292,71.61806,44.58665
2015,25.50802,44.27914,20.9822
2016,33.56319,61.66319,34.02491
2017,34.81693841,49.29362923,25.73218599
2018,31.42118056,51.95175439,26.63602053
2019,32.41170833,42.85658213,23.65097403
2020,31.91,39.3916667,19.766
2021,30.418,40.6333,21.4416